{"IcoMoonType":"selection","icons":[{"icon":{"paths":["M1581.261 557.254c24.986-24.993 24.986-65.516 0-90.509l-407.3-407.294c-24.993-24.994-65.516-24.994-90.509 0-24.995 24.994-24.995 65.516 0 90.509l362.039 362.039-362.039 362.039c-24.995 24.993-24.995 65.516 0 90.509 24.993 24.995 65.516 24.995 90.509 0l407.3-407.293zM0 576h1536v-128h-1536v128z"],"attrs":[{"fill":"rgb(255, 255, 255)"}],"width":1664,"isMulticolor":false,"isMulticolor2":false,"grid":0,"tags":["Arrow 72"]},"attrs":[{"fill":"rgb(255, 255, 255)"}],"properties":{"order":4,"id":0,"name":"arrow-next","prevSize":32,"code":59650},"setIdx":0,"setId":3,"iconIdx":0},{"icon":{"paths":["M57.713 1013.406c-6.596 7.061-14.841 10.594-23.91 10.594s-17.314-3.533-23.91-10.594c-13.192-14.123-13.192-37.073 0-51.2l420.485-450.206-420.485-450.207c-13.192-14.124-13.192-37.076 0-51.2s34.628-14.124 47.82 0l444.392 475.807c13.193 14.123 13.193 37.077 0 51.2l-444.392 475.806z"],"attrs":[{"fill":"rgb(255, 255, 255)"}],"width":512,"isMulticolor":false,"isMulticolor2":false,"grid":0,"tags":["arrow-big"]},"attrs":[{"fill":"rgb(255, 255, 255)"}],"properties":{"order":3,"id":0,"name":"arrow-big","prevSize":32,"code":59649},"setIdx":1,"setId":2,"iconIdx":0},{"icon":{"paths":["M1345.338 20.421c-26.658-27.228-69.878-27.228-96.543 0l-817.877 835.281-314.378-321.066c-26.659-27.228-69.88-27.225-96.544 0-26.661 27.225-26.661 71.366 0 98.594l362.65 370.358c26.651 27.225 69.904 27.204 96.544 0l866.148-884.57c26.665-27.225 26.658-71.369 0-98.597z"],"attrs":[{}],"width":1365,"isMulticolor":false,"isMulticolor2":false,"grid":0,"tags":["Vector"]},"attrs":[{}],"properties":{"order":2,"id":0,"name":"Vector","prevSize":32,"code":59648},"setIdx":3,"setId":0,"iconIdx":0}],"height":1024,"metadata":{"name":"icomoon"},"preferences":{"showGlyphs":true,"showCodes":true,"showQuickUse":true,"showQuickUse2":true,"showSVGs":true,"fontPref":{"prefix":"icon-","metadata":{"fontFamily":"icomoon"},"metrics":{"emSize":1024,"baseline":6.25,"whitespace":50},"embed":false},"imagePref":{"prefix":"icon-","png":true,"useClassSelector":true,"color":0,"bgColor":16777215},"historySize":50}}